seconds_elapsed,location_altitude,location_speedAccuracy,location_bearingAccuracy,location_latitude,location_altitudeAboveMeanSeaLevel,location_bearing,location_horizontalAccuracy,location_verticalAccuracy,location_longitude,location_speed,location_local_time,accelerometerUncalibrated_z,accelerometerUncalibrated_y,accelerometerUncalibrated_x,accelerometerUncalibrated_local_time,accelerometer_z,accelerometer_y,accelerometer_x,accelerometer_local_time
0.000000,260.953563,0.342710,10.245242,44.941708,288.363562,216.474326,2.730656,3.000000,-93.167139,3.820835,2025-03-27T21:53:41.000-05:00,-0.221687,-0.955789,-0.196821,2025-03-27T21:53:40.950-05:00,0.106485,0.140984,-1.253682,2025-03-27T21:53:40.953-05:00
1.000000,260.920103,0.292867,9.897556,44.941696,288.330103,251.760547,2.849619,3.000000,-93.167191,3.880281,2025-03-27T21:53:42.000-05:00,-0.141850,-0.998327,0.012642,2025-03-27T21:53:41.935-05:00,0.776724,-0.253004,0.843682,2025-03-27T21:53:41.937-05:00
2.000000,260.509959,0.296929,7.257545,44.941710,287.919959,274.696409,2.744933,3.000000,-93.167245,4.799961,2025-03-27T21:53:43.000-05:00,-0.200546,-0.969450,0.045589,2025-03-27T21:53:42.930-05:00,0.237936,0.027726,1.094257,2025-03-27T21:53:42.932-05:00
3.000000,260.168856,0.265069,7.255309,44.941704,287.578856,272.369442,2.662162,3.000000,-93.167334,6.022734,2025-03-27T21:53:44.000-05:00,-0.208382,-0.985337,-0.027877,2025-03-27T21:53:43.935-05:00,0.149212,-0.143168,0.541618,2025-03-27T21:53:43.937-05:00
4.000000,259.843603,0.257003,7.252287,44.941702,287.253603,270.492411,2.589468,3.000000,-93.167423,6.736986,2025-03-27T21:53:45.000-05:00,-0.203654,-0.985903,-0.027619,2025-03-27T21:53:44.930-05:00,0.031139,-0.103399,0.490965,2025-03-27T21:53:44.932-05:00
5.000000,259.892193,0.268161,7.255601,44.941695,287.302193,270.470338,2.521452,3.000000,-93.167524,7.460811,2025-03-27T21:53:46.000-05:00,-0.188686,-0.976958,-0.019760,2025-03-27T21:53:45.934-05:00,0.070531,0.018779,0.388504,2025-03-27T21:53:45.937-05:00
6.000000,259.882751,0.259994,7.256431,44.941694,287.292751,271.353531,2.397214,3.000000,-93.167633,8.173879,2025-03-27T21:53:47.000-05:00,-0.204866,-0.977274,-0.013948,2025-03-27T21:53:46.939-05:00,-0.043655,0.005069,0.414484,2025-03-27T21:53:46.932-05:00
7.000000,259.584906,0.256342,7.255508,44.941693,286.994905,270.292633,2.280171,3.000000,-93.167744,8.636173,2025-03-27T21:53:48.000-05:00,-0.211258,-0.976100,0.004259,2025-03-27T21:53:47.934-05:00,-0.060144,0.014235,0.541029,2025-03-27T21:53:47.937-05:00
8.000000,259.272325,0.217258,7.253646,44.941692,286.682325,270.292633,2.182168,3.000000,-93.167863,9.264119,2025-03-27T21:53:49.000-05:00,-0.242594,-0.967423,-0.022147,2025-03-27T21:53:48.939-05:00,-0.498833,0.121005,0.287530,2025-03-27T21:53:48.932-05:00
9.000000,259.086279,0.262387,7.255450,44.941691,286.496279,270.292633,2.358731,3.000000,-93.167987,9.495372,2025-03-27T21:53:50.000-05:00,-0.258580,-0.976621,-0.037647,2025-03-27T21:53:49.934-05:00,-0.517709,0.007917,0.195310,2025-03-27T21:53:49.936-05:00
10.000000,258.433744,0.272688,7.253448,44.941697,285.843743,270.292633,2.225695,3.000000,-93.168106,9.424442,2025-03-27T21:53:51.000-05:00,-0.235368,-0.951069,-0.007597,2025-03-27T21:53:50.939-05:00,-0.405541,0.284639,0.333452,2025-03-27T21:53:50.931-05:00
11.000000,258.213935,0.280283,7.253708,44.941699,285.623934,270.234100,2.259065,3.000000,-93.168228,9.582106,2025-03-27T21:53:52.000-05:00,-0.254418,-0.972446,-0.018650,2025-03-27T21:53:51.934-05:00,-0.415206,0.018718,0.214692,2025-03-27T21:53:51.936-05:00
12.000000,258.008319,0.280816,7.252990,44.941700,285.418319,270.234100,2.157901,3.000000,-93.168357,9.830207,2025-03-27T21:53:53.000-05:00,-0.296707,-0.960104,-0.027144,2025-03-27T21:53:52.939-05:00,-0.857385,0.177016,0.182023,2025-03-27T21:53:52.931-05:00
13.000000,257.613810,0.282616,7.254059,44.941699,285.023810,270.234100,3.095889,3.000000,-93.168485,9.978279,2025-03-27T21:53:54.000-05:00,-0.409768,-0.928911,-0.076396,2025-03-27T21:53:53.933-05:00,-1.926301,0.459951,-0.240342,2025-03-27T21:53:53.936-05:00
14.000000,257.144420,0.238559,7.254403,44.941693,284.554420,270.234100,2.775668,3.000000,-93.168594,8.646137,2025-03-27T21:53:55.000-05:00,-0.334182,-0.940005,-0.067089,2025-03-27T21:53:54.938-05:00,-1.019676,0.312778,-0.173291,2025-03-27T21:53:54.931-05:00
15.000000,256.780590,0.208289,7.253409,44.941693,284.190590,270.234100,2.521053,3.000000,-93.168685,7.407325,2025-03-27T21:53:56.000-05:00,-0.326733,-0.951801,-0.086809,2025-03-27T21:53:55.933-05:00,-0.958884,0.193665,-0.302101,2025-03-27T21:53:55.936-05:00
16.000000,257.071528,0.278623,7.258219,44.941698,284.481528,270.234100,2.738717,3.000000,-93.168766,6.488959,2025-03-27T21:53:57.000-05:00,-0.383593,-0.935027,-0.042149,2025-03-27T21:53:56.938-05:00,-1.360514,0.322160,0.121331,2025-03-27T21:53:56.931-05:00
17.000000,257.002955,0.270246,7.256666,44.941695,284.412955,270.234100,2.530540,3.000000,-93.168840,5.522476,2025-03-27T21:53:58.000-05:00,-0.402802,-0.928344,-0.069331,2025-03-27T21:53:57.933-05:00,-1.481744,0.376867,-0.108949,2025-03-27T21:53:57.935-05:00
18.000000,256.620769,0.288909,8.651286,44.941699,284.030769,270.234100,2.424432,3.000000,-93.168886,3.991119,2025-03-27T21:53:59.000-05:00,-0.420861,-0.923836,-0.070933,2025-03-27T21:53:58.938-05:00,-1.616050,0.394120,-0.117716,2025-03-27T21:53:58.930-05:00
19.000000,256.654068,0.292871,11.799463,44.941696,284.064068,270.234100,2.361936,3.000000,-93.168921,2.291824,2025-03-27T21:54:00.000-05:00,-0.319794,-0.952709,-0.060100,2025-03-27T21:53:59.933-05:00,-0.632786,0.121014,0.018343,2025-03-27T21:53:59.935-05:00
20.000000,256.569942,0.302851,34.998739,44.941696,283.979942,270.234100,2.408691,3.000000,-93.168931,0.713010,2025-03-27T21:54:01.000-05:00,-0.177978,-0.985996,-0.033516,2025-03-27T21:54:00.938-05:00,0.706791,-0.197061,0.319489,2025-03-27T21:54:00.930-05:00
21.000000,256.671581,0.306469,20.157158,44.941694,284.081581,270.234100,2.685656,3.000000,-93.168959,1.238016,2025-03-27T21:54:02.000-05:00,-0.117303,-1.002923,-0.020285,2025-03-27T21:54:01.932-05:00,1.178695,-0.331518,0.443854,2025-03-27T21:54:01.935-05:00
22.000000,256.786174,0.307685,10.369389,44.941693,284.196174,270.234100,2.697603,3.000000,-93.168994,2.406895,2025-03-27T21:54:03.000-05:00,-0.088453,-0.992896,-0.025089,2025-03-27T21:54:02.937-05:00,1.350039,-0.205701,0.369635,2025-03-27T21:54:02.930-05:00
23.000000,256.828041,0.314800,7.258835,44.941694,284.238041,270.234100,2.627842,3.000000,-93.169045,3.698000,2025-03-27T21:54:04.000-05:00,-0.124692,-0.994185,-0.004179,2025-03-27T21:54:03.932-05:00,1.080396,-0.231088,0.420877,2025-03-27T21:54:03.935-05:00
24.000000,256.871532,0.301189,7.258860,44.941692,284.281532,270.234100,2.580485,3.000000,-93.169104,4.645407,2025-03-27T21:54:05.000-05:00,-0.162159,-0.990520,-0.031108,2025-03-27T21:54:04.937-05:00,0.714020,-0.186165,0.080768,2025-03-27T21:54:04.930-05:00
25.000000,256.817025,0.295623,7.258663,44.941691,284.227025,270.234100,2.606688,3.000000,-93.169175,5.499980,2025-03-27T21:54:06.000-05:00,-0.208282,-0.970365,-0.013066,2025-03-27T21:54:05.932-05:00,0.380964,-0.021583,0.245313,2025-03-27T21:54:05.934-05:00
26.000000,256.600350,0.246142,7.255638,44.941688,284.010350,270.125305,2.604896,3.000000,-93.169259,6.243091,2025-03-27T21:54:07.000-05:00,-0.212625,-0.986393,-0.043987,2025-03-27T21:54:06.937-05:00,0.186869,-0.146935,0.055470,2025-03-27T21:54:06.939-05:00
27.000000,256.628445,0.268735,7.256719,44.941687,284.038445,270.125305,2.548920,3.000000,-93.169346,6.697850,2025-03-27T21:54:08.000-05:00,-0.216229,-0.972509,-0.067268,2025-03-27T21:54:07.932-05:00,0.052373,0.013431,-0.174442,2025-03-27T21:54:07.934-05:00
28.000000,256.462447,0.290375,7.257839,44.941685,283.872447,270.125305,2.491855,3.000000,-93.169431,6.791327,2025-03-27T21:54:09.000-05:00,-0.211481,-0.979139,-0.077275,2025-03-27T21:54:08.937-05:00,0.086690,-0.056056,-0.213613,2025-03-27T21:54:08.939-05:00
29.000000,256.474346,0.290780,7.257188,44.941686,283.884346,270.125305,2.420903,3.000000,-93.169517,6.777401,2025-03-27T21:54:10.000-05:00,-0.155149,-0.980185,-0.025402,2025-03-27T21:54:09.931-05:00,0.538521,-0.037226,0.267290,2025-03-27T21:54:09.934-05:00
30.000000,256.355459,0.287900,7.258280,44.941692,283.765459,270.125305,2.349029,3.000000,-93.169609,7.301264,2025-03-27T21:54:11.000-05:00,-0.180740,-0.978363,-0.012809,2025-03-27T21:54:10.936-05:00,0.318564,-0.017733,0.270185,2025-03-27T21:54:10.939-05:00
31.000000,256.252247,0.269976,7.258065,44.941694,283.662247,270.133820,2.385547,3.000000,-93.169710,7.945100,2025-03-27T21:54:12.000-05:00,-0.191446,-0.986959,-0.026397,2025-03-27T21:54:11.931-05:00,0.176296,-0.098726,0.147243,2025-03-27T21:54:11.934-05:00
32.000000,256.144987,0.268793,7.257439,44.941694,283.554987,270.133820,2.288267,3.000000,-93.169812,8.109571,2025-03-27T21:54:13.000-05:00,-0.210327,-0.965271,-0.021579,2025-03-27T21:54:12.936-05:00,0.000377,0.119226,0.071795,2025-03-27T21:54:12.939-05:00
33.000000,256.879203,0.304450,7.258957,44.941688,284.289203,270.133820,2.209986,3.000000,-93.169909,8.087091,2025-03-27T21:54:14.000-05:00,-0.210175,-0.986646,-0.011696,2025-03-27T21:54:13.931-05:00,0.014769,-0.098023,0.153499,2025-03-27T21:54:13.933-05:00
34.000000,256.674692,0.290014,7.258659,44.941687,284.084692,270.133820,2.654648,3.000000,-93.170020,8.425196,2025-03-27T21:54:15.000-05:00,-0.234629,-0.976170,-0.039151,2025-03-27T21:54:14.936-05:00,-0.279767,0.014347,-0.059844,2025-03-27T21:54:14.938-05:00
35.000000,256.552095,0.291000,7.258595,44.941687,283.962095,270.133820,2.437423,3.000000,-93.170142,8.806514,2025-03-27T21:54:16.000-05:00,-0.255202,-0.956980,-0.033438,2025-03-27T21:54:15.931-05:00,-0.433990,0.196811,-0.065867,2025-03-27T21:54:15.933-05:00
36.000000,256.142178,0.283052,7.257821,44.941688,283.552178,270.133820,2.353006,3.000000,-93.170259,8.786036,2025-03-27T21:54:17.000-05:00,-0.328775,-0.950183,-0.023867,2025-03-27T21:54:16.936-05:00,-1.071269,0.253400,-0.124262,2025-03-27T21:54:16.938-05:00
37.000000,256.117877,0.284200,7.256627,44.941691,283.527877,270.133820,2.219537,3.000000,-93.170377,8.441452,2025-03-27T21:54:18.000-05:00,-0.367870,-0.942407,-0.036671,2025-03-27T21:54:17.930-05:00,-1.377500,0.306566,-0.174291,2025-03-27T21:54:17.933-05:00
38.000000,256.416097,0.260665,7.258194,44.941697,283.826097,270.133820,2.151807,3.000000,-93.170454,6.922811,2025-03-27T21:54:19.000-05:00,-0.384743,-0.935272,-0.065652,2025-03-27T21:54:18.935-05:00,-1.475904,0.355767,-0.320601,2025-03-27T21:54:18.938-05:00
39.000000,256.048024,0.254637,7.257525,44.941701,283.458024,270.133820,2.371613,3.000000,-93.170535,5.763761,2025-03-27T21:54:20.000-05:00,-0.407615,-0.928085,-0.053517,2025-03-27T21:54:19.930-05:00,-1.592901,0.398804,-0.259074,2025-03-27T21:54:19.933-05:00
40.000000,256.028699,0.285354,7.258269,44.941700,283.438699,270.133820,2.471605,3.000000,-93.170584,4.044025,2025-03-27T21:54:21.000-05:00,-0.418103,-0.931673,-0.060702,2025-03-27T21:54:20.935-05:00,-1.630754,0.350256,-0.301569,2025-03-27T21:54:20.938-05:00
41.000000,255.909697,0.292075,11.087421,44.941699,283.319697,270.133820,2.377284,3.000000,-93.170617,2.250308,2025-03-27T21:54:22.000-05:00,-0.345078,-0.941123,-0.052885,2025-03-27T21:54:21.930-05:00,-0.937151,0.259160,-0.154781,2025-03-27T21:54:21.932-05:00
42.000000,255.861172,0.303729,29.014244,44.941698,283.271172,270.133820,2.521609,3.000000,-93.170633,0.859988,2025-03-27T21:54:23.000-05:00,-0.176367,-0.984631,-0.023561,2025-03-27T21:54:22.935-05:00,0.700478,-0.162521,0.128374,2025-03-27T21:54:22.937-05:00
43.000000,256.139164,0.306584,30.560118,44.941698,283.549163,270.133820,2.652620,3.000000,-93.170649,0.816539,2025-03-27T21:54:24.000-05:00,-0.078283,-1.009386,0.000890,2025-03-27T21:54:23.930-05:00,1.658141,-0.401846,0.330259,2025-03-27T21:54:23.932-05:00
44.000000,256.182849,0.297592,12.327147,44.941698,283.592849,270.133820,2.848523,3.000000,-93.170679,2.024174,2025-03-27T21:54:25.000-05:00,-0.101180,-1.008702,-0.002126,2025-03-27T21:54:24.935-05:00,1.284525,-0.359920,0.261663,2025-03-27T21:54:24.937-05:00
45.000000,256.298347,0.308825,7.332698,44.941700,283.708347,270.133820,2.794054,3.000000,-93.170725,3.403658,2025-03-27T21:54:26.000-05:00,-0.102703,-0.983228,0.000286,2025-03-27T21:54:25.939-05:00,1.219764,-0.095867,0.202969,2025-03-27T21:54:25.932-05:00
46.000000,256.299247,0.295904,7.258843,44.941703,283.709247,272.641426,2.811889,3.000000,-93.170786,4.686959,2025-03-27T21:54:27.000-05:00,-0.127630,-0.999467,0.021790,2025-03-27T21:54:26.934-05:00,0.998172,-0.272224,0.314751,2025-03-27T21:54:26.937-05:00
47.000000,256.287874,0.290297,7.258710,44.941697,283.697874,271.988975,2.743395,3.000000,-93.170856,5.539043,2025-03-27T21:54:28.000-05:00,-0.163423,-0.991605,0.000643,2025-03-27T21:54:27.939-05:00,0.686466,-0.173580,0.171512,2025-03-27T21:54:27.932-05:00
48.000000,256.199092,0.247544,7.257031,44.941694,283.609092,271.907379,2.684948,3.000000,-93.170938,6.418932,2025-03-27T21:54:29.000-05:00,-0.199674,-0.970731,-0.047146,2025-03-27T21:54:28.934-05:00,0.188689,0.049633,-0.085345,2025-03-27T21:54:28.937-05:00
49.000000,256.067701,0.291442,7.258434,44.941693,283.477701,271.807165,2.610711,3.000000,-93.171026,6.823739,2025-03-27T21:54:30.000-05:00,-0.152817,-0.978934,-0.045753,2025-03-27T21:54:29.939-05:00,0.661291,-0.054947,0.075063,2025-03-27T21:54:29.931-05:00
50.000000,255.921747,0.270378,7.257511,44.941691,283.331747,272.677300,2.712704,3.000000,-93.171119,7.239212,2025-03-27T21:54:31.000-05:00,-0.144175,-1.000109,-0.049388,2025-03-27T21:54:30.934-05:00,0.622728,-0.244591,0.097896,2025-03-27T21:54:30.936-05:00
51.000000,255.756975,0.292778,7.258841,44.941689,283.166975,273.485234,2.644889,3.000000,-93.171226,8.210609,2025-03-27T21:54:32.000-05:00,-0.158253,-0.993070,-0.031137,2025-03-27T21:54:31.939-05:00,0.384710,-0.129913,0.153971,2025-03-27T21:54:31.931-05:00
52.000000,255.502852,0.239954,7.257870,44.941681,282.912852,273.252895,2.460056,3.000000,-93.171345,9.044051,2025-03-27T21:54:33.000-05:00,-0.199764,-0.967839,-0.066419,2025-03-27T21:54:32.934-05:00,-0.021330,0.093013,-0.091057,2025-03-27T21:54:32.936-05:00
53.000000,255.530705,0.261744,7.257786,44.941676,282.940705,273.658015,3.046260,3.000000,-93.171466,9.330871,2025-03-27T21:54:34.000-05:00,-0.191336,-0.985155,-0.065647,2025-03-27T21:54:33.938-05:00,-0.001941,-0.034298,-0.111679,2025-03-27T21:54:33.931-05:00
54.000000,255.121935,0.274713,7.256654,44.941684,282.531934,270.114380,2.694073,3.000000,-93.171587,9.550569,2025-03-27T21:54:35.000-05:00,-0.186720,-0.974447,-0.043313,2025-03-27T21:54:34.933-05:00,0.075485,0.045654,0.072812,2025-03-27T21:54:34.936-05:00
55.000000,255.150982,0.291834,7.257713,44.941687,282.560982,270.114380,2.555714,3.000000,-93.171706,9.615167,2025-03-27T21:54:36.000-05:00,-0.207670,-0.978084,-0.042797,2025-03-27T21:54:35.938-05:00,-0.071025,0.001479,0.015098,2025-03-27T21:54:35.931-05:00
56.000000,255.054229,0.288633,7.258031,44.941690,282.464229,270.114380,2.343387,3.000000,-93.171833,9.991238,2025-03-27T21:54:37.000-05:00,-0.206014,-0.979446,-0.040615,2025-03-27T21:54:36.933-05:00,-0.101530,0.004585,0.021333,2025-03-27T21:54:36.936-05:00
57.000000,255.035075,0.288978,7.257363,44.941689,282.445074,270.114380,2.238368,3.000000,-93.171967,10.162449,2025-03-27T21:54:38.000-05:00,-0.240543,-0.959671,-0.053990,2025-03-27T21:54:37.938-05:00,-0.317679,0.168352,-0.003053,2025-03-27T21:54:37.930-05:00
58.000000,254.811116,0.272739,7.254084,44.941688,282.221116,270.114380,2.132867,3.000000,-93.172104,10.498511,2025-03-27T21:54:39.000-05:00,-0.231285,-0.979089,-0.066511,2025-03-27T21:54:38.933-05:00,-0.352387,-0.004779,-0.040788,2025-03-27T21:54:38.935-05:00
59.000000,254.842287,0.295381,7.257093,44.941688,282.252287,270.130157,2.074489,3.000000,-93.172236,10.341844,2025-03-27T21:54:40.000-05:00,-0.236192,-0.967431,-0.057812,2025-03-27T21:54:39.938-05:00,-0.342664,0.100776,0.016060,2025-03-27T21:54:39.930-05:00
60.000000,254.739096,0.294268,7.256076,44.941689,282.149096,270.130157,2.481746,3.000000,-93.172369,10.257096,2025-03-27T21:54:41.000-05:00,-0.235507,-0.966994,-0.062917,2025-03-27T21:54:40.933-05:00,-0.344273,0.113959,-0.008955,2025-03-27T21:54:40.935-05:00
61.000000,254.684535,0.294407,7.256255,44.941688,282.094535,270.130157,2.270197,3.000000,-93.172500,10.186309,2025-03-27T21:54:42.000-05:00,-0.236261,-0.966456,-0.087658,2025-03-27T21:54:41.937-05:00,-0.317503,0.084573,-0.132957,2025-03-27T21:54:41.930-05:00
62.000000,254.618493,0.294660,7.256529,44.941685,282.028493,270.130157,2.150972,3.000000,-93.172635,10.280217,2025-03-27T21:54:43.000-05:00,-0.239702,-0.967028,-0.064170,2025-03-27T21:54:42.932-05:00,-0.296928,0.087702,-0.016947,2025-03-27T21:54:42.935-05:00
63.000000,254.591211,0.295326,7.257143,44.941683,282.001211,270.130157,2.791781,3.000000,-93.172764,10.151201,2025-03-27T21:54:44.000-05:00,-0.232365,-0.968785,-0.086265,2025-03-27T21:54:43.937-05:00,-0.218823,0.066858,-0.241277,2025-03-27T21:54:43.930-05:00
64.000000,254.439364,0.299864,7.258318,44.941697,281.849364,270.130157,2.461532,3.000000,-93.172877,9.702122,2025-03-27T21:54:45.000-05:00,-0.226958,-0.967867,-0.063341,2025-03-27T21:54:44.932-05:00,-0.166337,0.080148,-0.038934,2025-03-27T21:54:44.935-05:00
65.000000,254.507289,0.303852,7.258820,44.941700,281.917289,270.130157,2.267343,3.000000,-93.172997,9.529972,2025-03-27T21:54:46.000-05:00,-0.240573,-0.968701,-0.042350,2025-03-27T21:54:45.937-05:00,-0.225841,0.054819,0.086050,2025-03-27T21:54:45.939-05:00
66.000000,254.252380,0.298549,7.258225,44.941705,281.662380,270.130157,2.155311,3.000000,-93.173118,9.520858,2025-03-27T21:54:47.000-05:00,-0.246093,-0.970418,-0.046913,2025-03-27T21:54:46.932-05:00,-0.274154,0.032467,0.112784,2025-03-27T21:54:46.934-05:00
67.000000,254.051363,0.291639,7.256587,44.941706,281.461362,270.130157,2.225181,3.000000,-93.173245,9.411913,2025-03-27T21:54:48.000-05:00,-0.235590,-0.976311,-0.066411,2025-03-27T21:54:47.937-05:00,-0.258708,0.009936,-0.242193,2025-03-27T21:54:47.939-05:00
68.000000,253.896304,0.307164,7.258970,44.941706,281.306303,270.130157,2.276145,3.000000,-93.173364,9.280955,2025-03-27T21:54:49.000-05:00,-0.243917,-0.941155,-0.101956,2025-03-27T21:54:48.932-05:00,-0.070801,0.288085,-0.659462,2025-03-27T21:54:48.934-05:00
69.000000,253.625778,0.287961,7.256296,44.941709,281.035778,273.095792,3.357048,3.000000,-93.173479,9.108331,2025-03-27T21:54:50.000-05:00,-0.246277,-0.980820,-0.023965,2025-03-27T21:54:49.936-05:00,-0.068808,-0.103224,0.070122,2025-03-27T21:54:49.939-05:00
70.000000,253.360434,0.288950,7.256668,44.941714,280.770433,275.636798,2.803748,3.000000,-93.173595,9.150180,2025-03-27T21:54:51.000-05:00,-0.262546,-0.961001,0.015907,2025-03-27T21:54:50.931-05:00,-0.202337,0.090303,0.236965,2025-03-27T21:54:50.934-05:00
71.000000,253.351185,0.293087,7.257693,44.941718,280.761185,274.575691,2.526170,3.000000,-93.173706,8.958119,2025-03-27T21:54:52.000-05:00,-0.356020,-0.948515,0.031092,2025-03-27T21:54:51.936-05:00,-1.070359,0.203193,0.288887,2025-03-27T21:54:51.939-05:00
72.000000,253.270609,0.282647,7.257997,44.941722,280.680609,272.176141,2.313990,3.000000,-93.173812,8.291797,2025-03-27T21:54:53.000-05:00,-0.360097,-0.936467,0.002311,2025-03-27T21:54:52.931-05:00,-1.072180,0.310020,0.075038,2025-03-27T21:54:52.934-05:00
73.000000,253.208122,0.265835,7.258241,44.941719,280.618122,268.270569,2.189613,3.000000,-93.173908,7.322944,2025-03-27T21:54:54.000-05:00,-0.397839,-0.931068,-0.044974,2025-03-27T21:54:53.936-05:00,-1.369345,0.336442,-0.160124,2025-03-27T21:54:53.938-05:00
74.000000,253.099476,0.276322,7.444266,44.941715,280.509476,268.270569,2.132703,3.000000,-93.173984,5.945747,2025-03-27T21:54:55.000-05:00,-0.407252,-0.930637,-0.057038,2025-03-27T21:54:54.931-05:00,-1.382616,0.319846,-0.217775,2025-03-27T21:54:54.933-05:00
75.000000,253.078896,0.279278,8.772817,44.941710,280.488896,261.262970,2.129814,3.000000,-93.174045,4.518941,2025-03-27T21:54:56.000-05:00,-0.419218,-0.929628,-0.065974,2025-03-27T21:54:55.936-05:00,-1.461657,0.320485,-0.339003,2025-03-27T21:54:55.938-05:00
